{"c0d8027":{"commit_date":"2021-11-14","schroedinger":[263100.0,188200.0,160300.0,153000.0,209900.0,199200.0,201200.0,178300.0,165200.0,167800.0,163500.0,175600.0,166000.0,174700.0,167200.0,164500.0,165100.0,169500.0,165800.0,173200.0,168300.0,168700.0,165900.0,166200.0,165700.0,169300.0,165400.0,168800.0,171400.0,166500.0,165300.0,166900.0,167100.0,170400.0,208800.0,173900.0,175200.0,167700.0,169800.0,168300.0,170500.0,165600.0,165900.0,165200.0,182600.0,182200.0,162400.0,179600.0,174400.0,177100.0,175300.0,181900.0,171900.0,182900.0,179700.0,180000.0,190700.0,183300.0,175100.0,187900.0,181700.0,182100.0,189900.0,185600.0,175800.0,174600.0,184600.0,202200.0,221100.0,194900.0,171800.0,181300.0,187100.0,173000.0,170200.0,169900.0,163600.0,174900.0,174400.0,169000.0,177600.0,163500.0,163200.0,165500.0,181300.0,165900.0,165600.0,163200.0,164400.0,163700.0,167300.0,163400.0,163200.0,162700.0,161800.0,161700.0,170600.0,159900.0,164700.0,163500.0],"liouvilleVonNeumann":[1.7203e6,1.7765e6,2.1841e6,2.7718e6,2.3411e6,2.2822e6,2.3598e6,2.3175e6,2.9798e6,2.3687e6,2.391e6,2.2217e6,2.3448e6,2.1064e6,2.5037e6,2.809e6,2.4104e6,2.4611e6,2.3752e6,2.4167e6,2.3774e6,2.4559e6,3.7473e6,2.4166e6,2.4152e6,2.4123e6,2.463e6,2.3568e6,2.3655e6,2.2562e6,2.7392e6,2.4828e6,2.4847e6,2.4821e6,3.1046e6,7.0554e6,1.7606e6,1.7864e6,1.8141e6,1.8118e6,2.0544e6,2.2445e6,1.8463e6,1.9212e6,1.7819e6,1.8295e6,1.8549e6,1.8748e6,2.0397e6,1.8713e6,1.8741e6,1.9712e6,1.9678e6,1.8716e6,1.9125e6,1.9168e6,2.053e6,2.7429e6,2.0761e6,1.917e6,1.9864e6,1.9111e6,1.9787e6,2.0825e6,1.9869e6,2.0721e6,2.0777e6,1.9931e6,2.1927e6,2.6634e6,7.0127e6,1.8591e6,1.7764e6,1.8328e6,1.7989e6,1.7656e6,1.7904e6,3.2015e6,2.1777e6,1.8122e6,1.8363e6,1.8754e6,1.9114e6,1.8635e6,2.0284e6,1.964e6,1.9289e6,1.9391e6,1.8979e6,2.0109e6,1.9668e6,1.8601e6,1.8991e6,2.1875e6,2.2053e6,2.0399e6,2.1031e6,1.9335e6,2.0767e6,1.9702e6],"master_int":[7.39399e8,7.437364e8,7.474887e8,7.413062e8,7.460148e8,7.551637e8,7.700577e8,7.54725e8,7.484802e8,7.489725e8,7.545458e8,7.53715e8,7.746716e8,7.630497e8,7.523671e8,7.647577e8,7.573331e8,8.474759e8,8.194901e8,8.340603e8,7.961033e8,7.525634e8,7.572569e8,7.678995e8,7.70526e8,7.577887e8,7.648066e8],"evolutionApproximate":[9.0187e6,9.1652e6,8.4942e6,9.7846e6,9.0791e6,9.0028e6,1.08976e7,1.08427e7,1.55764e7,8.9037e6,8.7269e6,8.8075e6,9.0608e6,9.1986e6,9.8425e6,8.7502e6,1.13748e7,1.86523e7,9.0712e6,8.797e6,9.3992e6,8.6386e6,9.6672e6,8.563e6,9.932e6,1.10742e7,1.59733e7,8.895e6,9.2126e6,9.1024e6,9.9384e6,9.083e6,8.9544e6,9.4224e6,1.01943e7,1.59491e7,8.9324e6,1.14999e7,8.877e6,8.7499e6,9.3722e6,8.9471e6,9.1817e6,1.10841e7,1.68456e7,8.5782e6,8.9605e6,8.2814e6,1.01504e7,7.8823e6,9.7802e6,9.8643e6,9.8366e6,1.81018e7,8.954e6,8.6168e6,8.8488e6,9.7744e6,8.2249e6,9.1864e6,9.0063e6,1.14907e7,1.07343e7,1.54481e7,9.3276e6,9.2312e6,9.1206e6,8.0535e6,8.5182e6,1.03476e7,1.08713e7,1.11688e7,1.49301e7,8.8141e6,9.4283e6,9.1635e6,8.6576e6,9.1766e6,9.3746e6,1.13167e7,1.02233e7,1.5171e7,9.2834e6,9.1686e6,8.4668e6,9.2081e6,8.7754e6,1.00093e7,1.15406e7,1.05739e7,1.43587e7,9.4634e6,9.1451e6,8.349e6,9.917e6,9.0054e6,1.00484e7,1.16979e7,1.02255e7,1.45093e7],"getFranckCondonFactors":[5.5472e6,5.4132e6,5.6757e6,5.8063e6,5.6373e6,5.8174e6,5.7696e6,5.7495e6,5.679e6,5.6947e6,5.7915e6,5.8131e6,5.7667e6,5.7352e6,5.7029e6,5.8338e6,5.7371e6,5.7425e6,5.7241e6,5.6975e6,5.7641e6,6.0637e6,5.7396e6,5.7553e6,5.8002e6,5.8324e6,5.7306e6,5.777e6,5.7302e6,5.7534e6,5.74e6,5.7401e6,5.8486e6,5.7271e6,5.7666e6,5.7448e6,5.6711e6,6.3037e6,5.8211e6,5.8666e6,6.0217e6,5.8017e6,5.7294e6,5.6891e6,5.6369e6,6.9442e6,5.7676e6,5.8945e6,5.6908e6,5.6963e6,5.9052e6,5.7444e6,5.6962e6,5.713e6,5.6956e6,5.7209e6,5.7412e6,5.6969e6,5.8272e6,6.0292e6,5.9982e6,6.0028e6,5.6886e6,5.6911e6,5.809e6,5.7734e6,5.7568e6,5.7508e6,5.7262e6,5.7605e6,5.6809e6,5.7237e6,5.7693e6,5.8393e6,5.7492e6,5.73e6,5.7449e6,1.08316e7,5.5435e6,5.742e6,5.464e6,5.5217e6,5.4687e6,5.4501e6,5.4803e6,5.8008e6,5.4282e6,5.4851e6,5.4871e6,5.451e6,5.4942e6,5.4949e6,5.4532e6,5.5286e6,5.6453e6,5.4613e6,5.5113e6,5.4569e6,5.4326e6,5.5818e6],"trace_bath":[76800.0,65100.0,66500.0,67000.0,71300.0,69300.0,66000.0,66200.0,65100.0,63600.0,64500.0,65800.0,63300.0,64800.0,67400.0,63300.0,64000.0,70000.0,68000.0,67000.0,61500.0,61100.0,60200.0,64500.0,67800.0,63400.0,63500.0,60700.0,64700.0,60800.0,61700.0,63600.0,63100.0,63000.0,63300.0,61200.0,60600.0,60200.0,65300.0,62800.0,62600.0,61500.0,63100.0,63500.0,60300.0,65500.0,60800.0,61200.0,61000.0,60600.0,60500.0,60600.0,60100.0,62300.0,61700.0,60000.0,61800.0,86400.0,61200.0,69200.0,65700.0,68700.0,65900.0,59900.0,59600.0,61900.0,63400.0,61500.0,61100.0,61900.0,60600.0,60600.0,60400.0,62400.0,64400.0,66400.0,61600.0,61200.0,64800.0,63900.0,68600.0,68700.0,68700.0,73800.0,67700.0,63300.0,64700.0,61000.0,60800.0,62200.0,64500.0,61200.0,61800.0,61600.0,61400.0,61600.0,60900.0,62600.0,61300.0,61700.0],"agg_building":[8.1105e6,8.1981e6,8.9073e6,1.56516e7,9.3102e6,1.20111e7,1.37553e7,1.4184e7,1.36082e7,2.12569e7,1.47345e7,1.73874e7,1.33127e7,2.79102e7,3.50891e7,1.70917e7,1.02303e7,1.1178e7,8.7233e6,1.11622e7,1.27901e7,1.15943e7,1.37276e7,1.29446e7,1.16998e7,1.15338e7,1.26184e7,1.7091e7,8.8164e6,9.4437e6,9.2791e6,9.7317e6,9.1812e6,2.2288e7,1.99765e7,2.91213e7,3.18584e7,2.48936e7,2.05218e7,2.34846e7,3.49245e7,9.3743e6,1.04869e7,1.20303e7,1.39237e7,1.28325e7,1.1467e7,3.79399e7,2.29326e7,1.83483e7,1.78086e7,1.39195e7,1.43117e7,1.17769e7,2.17618e7,1.09227e7,1.26193e7,1.1561e7,1.15526e7,1.17256e7,1.24077e7,1.10564e7,1.06346e7,9.69e6,1.08791e7,1.1788e7],"evolutionOperatorIterator":[2.33788e7,2.70562e7,2.84526e7,2.79138e7,3.08744e7,2.26974e7,2.2974e7,2.27079e7,2.95263e7,2.26768e7,2.26267e7,2.3854e7,2.90411e7,2.23655e7,2.28553e7,2.28146e7,2.47388e7,2.8854e7,2.21475e7,2.24946e7,2.35447e7,2.96133e7,2.28355e7,2.24443e7,2.28919e7,2.84763e7,2.22286e7,2.28557e7,2.36843e7,2.83683e7,2.23255e7,2.29477e7,2.32826e7,2.26485e7,2.87523e7,2.34586e7,2.21702e7,2.31262e7,2.80905e7,2.36318e7,2.28854e7,2.3679e7,2.97019e7,2.3993e7,2.22134e7,2.48192e7,2.98221e7,2.31292e7,2.29986e7,2.33896e7,2.32746e7,2.91187e7,2.22025e7,2.32287e7,2.30389e7,2.94926e7,2.23201e7,2.33196e7,2.38732e7,2.84799e7,2.31535e7,2.31514e7,2.35946e7,2.25504e7,2.87874e7,2.22306e7,2.28299e7,2.40125e7,3.11435e7,2.23445e7,2.33299e7,2.35661e7,2.94005e7,2.31657e7,2.2507e7,2.358e7,2.92497e7,2.17495e7,2.38723e7,2.33737e7,2.28484e7,3.04763e7,2.33093e7,2.29164e7,2.47169e7,2.82749e7,2.23231e7,2.37075e7,2.34041e7,2.95297e7,2.3621e7,2.31182e7,2.37804e7,3.03924e7,2.32577e7,2.34998e7,2.29903e7,2.28285e7,2.91515e7,2.22915e7],"getAggHamiltonian":[3.1898e6,3.0651e6,3.116e6,3.2568e6,3.2862e6,3.2978e6,3.2452e6,3.2917e6,3.2443e6,3.3134e6,3.2573e6,3.2498e6,3.444e6,3.3773e6,3.3496e6,3.2631e6,3.2701e6,3.2593e6,3.295e6,3.2557e6,3.2196e6,3.2822e6,3.3902e6,3.2864e6,3.2719e6,3.3299e6,3.272e6,3.31e6,3.5114e6,3.4765e6,3.2581e6,3.2892e6,3.224e6,3.2295e6,3.2542e6,3.7119e6,5.2362e6,3.312e6,3.2411e6,3.309e6,3.2879e6,3.2216e6,3.2324e6,3.2333e6,3.2928e6,3.5049e6,3.2898e6,3.2724e6,3.2801e6,3.3729e6,3.3339e6,3.2679e6,3.4749e6,3.409e6,3.2843e6,3.225e6,3.245e6,3.2328e6,3.4597e6,3.5856e6,3.3813e6,3.2525e6,3.2367e6,3.3684e6,3.2853e6,3.2606e6,3.2528e6,3.2817e6,3.436e6,3.4133e6,3.2326e6,3.2394e6,3.2827e6,3.2345e6,3.2405e6,3.244e6,3.3413e6,3.374e6,3.5342e6,3.2792e6,3.244e6,3.2893e6,3.3714e6,3.4451e6,3.3043e6,3.285e6,3.2501e6,3.3691e6,3.3057e6,3.298e6,3.2826e6,3.2556e6,3.3099e6,3.2824e6,3.3513e6,3.2714e6,3.349e6,3.3629e6,7.3973e6,3.1152e6],"master_ansatz":[4.541306e8,4.536039e8,4.510184e8,4.53993e8,4.594552e8,4.575288e8,4.591054e8,4.49728e8,4.518891e8,4.526947e8,4.51548e8,4.503521e8,4.537904e8,4.541639e8,4.57496e8,4.473863e8,4.517951e8,4.566218e8,4.550708e8,4.582977e8,4.605197e8,4.590942e8,4.571906e8,4.475262e8,4.576629e8,4.518054e8,4.592837e8,4.603436e8,4.546754e8,4.555267e8,4.54472e8,4.485794e8,4.71961e8,4.529051e8,4.524955e8,4.602469e8,4.587106e8,4.654831e8,4.457923e8,5.565952e8,4.776519e8,4.54165e8,4.521726e8,4.567425e8],