{"1deb3ce":{"agg_dimer_big":[4.94270156e10],"agg_dimer_small":[1.19609e7,9.59e6,1.0713e7,1.15082e7,1.05263e7,1.20998e7,1.19416e7,1.10591e7,1.05465e7,1.27525e7,1.10579e7,1.02132e7,1.68069e7,1.1029e7,9.3473e6,1.01462e7,1.01491e7,9.0382e6,1.17947e7,1.11462e7,1.05795e7,1.19818e7,1.11764e7,1.12928e7,1.16274e7,2.02107e7,1.24236e7,1.20414e7,1.0455e7,1.25073e7,1.19267e7,1.08596e7,1.20883e7,1.2018e7,1.08656e7,1.08977e7,1.1893e7,1.23168e7,1.80379e7,1.0269e7,1.08753e7,1.01029e7,1.00717e7,1.03832e7,1.03804e7,1.1026e7,1.20786e7,1.13872e7,1.05252e7,1.17381e7,1.25102e7,2.28801e7,1.22633e7,1.07896e7,1.16212e7,1.28657e7,1.14819e7,1.10998e7,1.21222e7,1.15577e7,1.18462e7,1.19716e7,1.29233e7,1.07061e7,1.66181e7,9.472e6,1.14133e7,1.03933e7,1.0229e7,9.5441e6,9.6898e6,1.21223e7,1.08942e7,1.13776e7,1.22473e7,1.15116e7,1.14344e7,1.90427e7,9.199e6,1.07756e7,9.2054e6,1.04592e7,9.5739e6,9.608e6,1.19754e7,1.095e7,1.08607e7,1.2699e7,1.06622e7,1.13011e7,1.9964e7,1.19837e7,1.19664e7,1.09291e7,1.17146e7,1.18278e7,1.09757e7,1.06674e7,1.23556e7,1.14912e7,1.06121e7,1.15419e7,1.13775e7,1.83201e7,9.1968e6,9.8936e6,9.4405e6,9.1533e6,1.03884e7,8.8282e6,1.12404e7,1.05722e7,1.00609e7,1.23405e7,1.09024e7,1.06879e7,1.95449e7,1.14186e7,1.16575e7,1.06391e7,1.32335e7,1.19303e7,1.03663e7,1.15467e7,1.16165e7,1.09239e7,1.15304e7,1.34783e7,1.53809e7,2.00614e7,1.1409e7,1.08134e7,1.07974e7,1.04868e7,1.02264e7,1.20132e7,1.22106e7,1.14074e7,1.13841e7,1.37243e7,1.17559e7,1.26325e7,1.98359e7,9.7017e6,1.12537e7,9.6087e6,1.08729e7,1.1628e7,1.10471e7,9.9523e6,1.13538e7,1.05195e7,1.10103e7,1.16874e7,1.07952e7,2.08275e7,1.10608e7,1.26177e7,1.31817e7,1.21404e7,1.20226e7,1.21779e7,1.25587e7,1.17743e7,1.15282e7,1.3579e7,1.23413e7,1.19083e7,1.92753e7,9.4593e6,1.02821e7,9.47e6,8.7008e6,1.0576e7,8.7903e6,1.12478e7,1.09272e7,1.07507e7,1.17733e7,1.14278e7,1.01866e7,1.9432e7,1.10971e7,1.21322e7,1.06418e7,1.24383e7,1.29036e7,1.14894e7,1.13178e7,1.21306e7,1.13824e7,1.02689e7,1.28086e7,1.21779e7,1.90827e7,1.17073e7,1.11101e7,1.21378e7,1.2903e7,1.15678e7,1.09633e7,1.36289e7,1.6847e7,3.29524e7,3.57842e7,1.39091e7,1.34758e7,2.30708e7,1.26233e7,1.08863e7,1.03958e7,1.16801e7,1.07723e7,1.13402e7,1.38161e7,1.25496e7,1.30397e7,1.19854e7,1.34353e7,1.27876e7,1.8022e7,1.05623e7,9.9267e6,1.16018e7,1.0114e7,1.07382e7,1.37258e7,1.11191e7,1.01316e7,1.20987e7,1.18611e7,1.06487e7,1.19439e7,1.85149e7,1.0627e7,1.0261e7,9.4416e6,1.01446e7,9.5818e6,1.11853e7,1.10781e7,1.05324e7,1.11999e7,1.04944e7,1.2076e7,1.22727e7,1.8602e7,1.17953e7,1.06768e7,9.8408e6,1.00322e7,9.9219e6,1.21816e7,1.185e7,1.15822e7,1.31445e7,1.55592e7,1.29767e7,1.2866e7,2.36535e7,1.19407e7,9.783e6,1.06971e7,1.09791e7,1.0361e7,1.24126e7,1.25536e7,2.11666e7,2.05137e7,1.8231e7,2.07895e7,1.76447e7,1.1385e7,2.10884e7,1.1531e7,1.18756e7,1.27137e7,1.29835e7,1.23221e7,1.23179e7,1.24949e7,1.2246e7,1.31825e7,1.3926e7,1.57477e7,1.24252e7,1.81346e7,1.37098e7,9.9114e6,1.13165e7,1.45943e7,1.20104e7,1.57758e7,1.2916e7,1.40428e7,1.44414e7,1.32254e7,1.35254e7,1.49473e7,1.89602e7,1.16532e7,1.16409e7,1.3325e7,1.34793e7,1.26469e7,1.11093e7,1.22036e7,1.1431e7,1.11539e7,1.11695e7,1.19264e7,1.0833e7,1.61497e7,9.2333e6,9.7694e6,9.0625e6,1.12663e7,9.3193e6,1.13115e7,1.14943e7,1.11171e7,1.05328e7,1.24682e7,1.0799e7,1.07944e7,1.71676e7,1.0969e7,9.4305e6,9.826e6,1.07406e7,9.1042e6,1.14036e7,1.06955e7,1.06156e7,1.18423e7,1.06879e7,1.01567e7,1.31598e7,1.98184e7,1.29317e7,1.16174e7,1.19808e7,1.3964e7,1.24643e7,1.23261e7,1.09237e7,1.14124e7,1.21011e7,1.09055e7,1.26306e7,1.46637e7,1.74217e7,9.744e6,9.46e6,1.07835e7,8.7934e6,1.02806e7,1.11182e7,1.03941e7,1.21878e7,1.18606e7,1.09822e7,2.62772e7,2.70404e7,1.85048e7,1.03434e7,1.01005e7,9.8312e6,9.9516e6,1.08545e7,1.08872e7,1.11777e7,1.22482e7,1.12352e7,1.05674e7,1.22411e7,1.16919e7,1.73948e7,9.4179e6,1.03978e7,9.3179e6,1.02261e7,9.7699e6,1.13423e7,1.26676e7,1.35142e7,1.11283e7,1.04761e7,1.22123e7,1.09807e7,1.70457e7,1.00704e7,9.9076e6,9.9234e6,1.05298e7,1.06091e7,9.3689e6,1.15691e7,1.09756e7,1.04169e7,1.12224e7,1.10004e7,1.04792e7,2.26498e7,1.03453e7,1.17565e7,1.06875e7],"agg_dimer_medium":[3.318877e8,3.206393e8,3.274956e8,3.153537e8,3.151146e8,3.149181e8,3.187486e8,3.229668e8,3.130956e8,3.158339e8,3.133753e8,3.151827e8,3.18058e8,3.183208e8,3.199516e8,3.203396e8],"commit_date":"2021-11-14"}}